2億の失敗プロジェクトを経験したからこそ伝えたい要件定義 ...rekaizen.com › detail › システム開発,https://rekaizen.com/article/detail/%E3%82%B7%E3%82%B9%E3%83%86%E3%83%A0%E9%96%8B%E7%99%BA/%E8%A6%81%E4%BB%B6%E5%AE%9A%E7%BE%A9%E3%83%BB%E3%82%B7%E3%82%B9%E3%83%86%E3%83%A0%E8%A8%AD%E8%A8%88/11125
2億の失敗プロジェクトを ...,https://rekaizen.com/article/detail/%E3%82%B7%E3%82%B9%E3%83%86%E3%83%A0%E9%96%8B%E7%99%BA/%E8%A6%81%E4%BB%B6%E5%AE%9A%E7%BE%A9%E3%83%BB%E3%82%B7%E3%82%B9%E3%83%86%E3%83%A0%E8%A8%AD%E8%A8%88/11125#heading1
業務構造を知らずして ...,https://rekaizen.com/article/detail/%E3%82%B7%E3%82%B9%E3%83%86%E3%83%A0%E9%96%8B%E7%99%BA/%E8%A6%81%E4%BB%B6%E5%AE%9A%E7%BE%A9%E3%83%BB%E3%82%B7%E3%82%B9%E3%83%86%E3%83%A0%E8%A8%AD%E8%A8%88/11125#heading-1
要件定義を制する者が ...,https://rekaizen.com/article/detail/%E3%82%B7%E3%82%B9%E3%83%86%E3%83%A0%E9%96%8B%E7%99%BA/%E8%A6%81%E4%BB%B6%E5%AE%9A%E7%BE%A9%E3%83%BB%E3%82%B7%E3%82%B9%E3%83%86%E3%83%A0%E8%A8%AD%E8%A8%88/11125#heading-2
「要件定義の失敗あるある」を回避してプロジェクトを成功 ...mmth.pro › ...,https://mmth.pro/ja?p=637
要件定義失敗例 | Webシステム開発 ネーブルスwww.system-dev.jp › beans,http://www.system-dev.jp/beans/020.html
失敗の背後にあるもの / 要件定義でつまづいた3つのシステム ...www.noc-net.co.jp › column_385,https://www.noc-net.co.jp/blog/2020/11/column_385/
【結論】要件定義の目的は「プロジェクトの失敗を減らすこと ...pm-rasinban.com › rd-mokuteki,https://pm-rasinban.com/rd-mokuteki
システム開発の遅延理由50％は要件定義の失敗：事例と回避策itinfoshop.com › ITスキル,https://itinfoshop.com/keys-system-development/
システム開発で重要な「要件定義」とは？内容や進め方、失敗 ...crowdworks.jp › ... › 外注ノウハウ,https://crowdworks.jp/times/know-how/5943
成功するシステム開発、失敗するシステムその差を分析して ...note.com › けんせい,https://note.com/kenseasy/n/n6d0a949e6eb0
［第1回］開発トラブルで訴訟が頻発 失敗に至る5大要因を ...xtech.nikkei.com › atcl › ncd,https://xtech.nikkei.com/it/atcl/ncd/17/040600014/
難しくなった要件定義 | 日経クロステック（xTECH）xtech.nikkei.com › learning › lecture,https://xtech.nikkei.com/atcl/learning/lecture/19/00008/00001/
【システム開発の怖い話】要件定義が終わらず、ベンダーが ...diamond.jp › articles,https://diamond.jp/articles/-/226817
楽しいシステム開発、失敗しないシステム開発を 実現する ...www.ipa.go.jp › files,https://www.ipa.go.jp/files/000064275.pdf
システム再構築の落とし穴とその対策 ～プロジェクト（失敗 ...www.ipa.go.jp › files,https://www.ipa.go.jp/files/000067944.pdf
要件不備 - システム企画研修www.newspt.co.jp › data › info,http://www.newspt.co.jp/data/info/mr/mr73/mr7309.pdf
プロジェクトの炎上を防ぐためにSEが「要件定義」で気を ...paiza.hatenablog.com › 2019/03/08,https://paiza.hatenablog.com/entry/2019/03/08/%E3%83%97%E3%83%AD%E3%82%B8%E3%82%A7%E3%82%AF%E3%83%88%E3%81%AE%E7%82%8E%E4%B8%8A%E3%82%92%E9%98%B2%E3%81%90%E3%81%9F%E3%82%81%E3%81%ABSE%E3%81%8C%E3%80%8C%E8%A6%81%E4%BB%B6%E5%AE%9A%E7%BE%A9%E3%80%8D
あるエンジニアの死 (3/3)：「訴えてやる！」の前に読む IT ...www.atmarkit.co.jp › ait › news008_3,https://www.atmarkit.co.jp/ait/articles/2007/13/news008_3.html
システム開発の要件定義で大切なこととは | マジック ...www.magicsoftware.com › requirem...,https://www.magicsoftware.com/ja/enterprise-dev-columns/requirement/
システム開発が失敗する原因とは | マジックソフトウェアwww.magicsoftware.com › failure,https://www.magicsoftware.com/ja/enterprise-dev-columns/failure/
【炎上は防げる！】システム開発が失敗する理由と原因とは ...techpartner.jp › システム開発,https://techpartner.jp/blog/reasons-why-development-fail
システム開発が失敗に陥る原因とは？成功させるポイントも解説bolt-dev.net › 開発,https://bolt-dev.net/posts/1232
【炎上は防げる！】システム開発が失敗する理由と原因とは ...techpartner.jp › システム開発,https://techpartner.jp/blog/reasons-why-development-fail
システム開発の工程と種類を解説！よく理解して失敗しない ...ops-in.com › developmentprocess,https://ops-in.com/knowledge/system/developmentprocess/
ITシステム開発はなぜ失敗するのか | 日下 ヤスユキ |本 | 通販 ...www.amazon.co.jp › ITシステム開...,https://www.amazon.co.jp/IT%E3%82%B7%E3%82%B9%E3%83%86%E3%83%A0%E9%96%8B%E7%99%BA%E3%81%AF%E3%81%AA%E3%81%9C%E5%A4%B1%E6%95%97%E3%81%99%E3%82%8B%E3%81%AE%E3%81%8B-%E6%97%A5%E4%B8%8B-%E3%83%A4%E3%82%B9%E3%83%A6%E3%82%AD/dp/4344971884
失敗しない要求定義の進め方 | Qbookwww.qbook.jp › column,https://www.qbook.jp/column/20191204_736.html
ITプロジェクトにおける失敗事例とその対策 ｜ITプロジェクト ...www.primebrains.co.jp › knowledge07,http://www.primebrains.co.jp/welcome/knowledge07.html
プロジェクトが失敗に終わる 6 つの理由: 要件管理がいかに ...www.ptc.com › blogs › plm › 6-reas...,https://www.ptc.com/ja/blogs/plm/6-reasons-your-projects-fail
どうすれば要件定義で失敗しないのか (1/2) - ITmedia ...www.itmedia.co.jp › news087,https://www.itmedia.co.jp/im/articles/1006/17/news087.html
システム開発プロジェクト失敗事例の理由と成功させる秘訣 ...crowd.itpropartners.com › pieceblog,https://crowd.itpropartners.com/pieceblog/759
ITプロジェクト失敗例から見る、プロジェクトマネージャに ...s8a.jp › what-you-need-to-project-m...,https://s8a.jp/what-you-need-to-project-manager
システム開発プロジェクトの失敗事例の原因とその対策方法 ...liginc.co.jp › ... › ディレクション,https://liginc.co.jp/life/business/88342
